specimen,class,cap.color,cap.shape,cap.surface,gill.size,gill.color,gill.attachment,population
2,e,y,x,s,b,k,f,n
5,e,g,x,s,b,k,f,a
8,e,w,b,y,b,n,f,s
29,e,n,f,f,n,k,f,y
31,e,y,b,s,b,g,f,n
32,p,w,x,y,n,k,f,s
34,e,n,x,y,b,p,f,y
44,p,w,x,y,n,p,f,v
45,e,y,x,s,b,w,f,n
46,e,w,x,y,b,n,f,n
50,e,y,f,y,b,w,f,s
52,e,w,x,s,b,k,f,s
54,p,n,x,y,n,k,f,v
57,e,g,f,f,b,n,f,a
58,e,w,b,s,b,w,f,n
66,e,n,f,s,b,k,f,a
70,e,g,x,f,n,p,f,v
73,e,y,f,f,n,w,f,v
75,e,y,b,s,b,k,f,s
76,e,y,f,s,n,p,f,v
88,e,w,x,s,b,n,f,s
91,e,n,x,f,n,n,f,y
96,e,w,x,s,b,g,f,s
102,e,y,b,s,b,n,f,n
103,e,y,f,y,b,w,f,s
112,e,g,s,f,n,g,f,y
113,e,w,x,f,n,w,f,v
118,e,y,x,y,b,w,f,y
119,e,y,x,s,n,p,f,v
122,e,w,x,y,b,g,f,n
126,e,w,x,s,b,n,f,s
128,e,g,f,f,b,h,f,a
129,e,w,x,s,b,n,f,n
133,e,w,f,s,n,w,f,v
136,p,w,x,y,n,w,f,v
142,e,y,b,y,b,g,f,n
144,e,n,f,y,b,w,f,y
154,e,n,s,f,n,k,f,v
162,e,y,b,y,b,n,f,n
171,e,g,x,f,n,g,f,y
173,e,y,x,f,n,n,f,v
175,e,y,f,y,b,p,f,s
180,e,y,b,s,b,g,f,n
181,p,w,x,y,n,p,f,v
182,e,n,s,f,n,g,f,y
184,e,y,x,s,b,g,f,s
194,e,y,f,s,n,w,f,v
219,e,w,x,y,b,w,f,s
227,e,w,x,s,b,g,f,n
229,p,n,x,y,n,p,f,v
232,p,w,x,y,n,k,f,s
234,e,n,f,f,n,k,f,v
237,e,w,x,y,b,w,f,s
244,p,w,x,s,n,n,f,v
259,e,w,b,y,b,g,f,n
260,e,w,b,y,b,g,f,n
263,e,w,x,s,b,n,f,n
272,p,n,f,s,n,w,f,v
280,e,y,x,s,b,k,f,n
281,p,w,x,y,n,w,f,s
295,e,w,x,s,b,g,f,s
298,e,g,x,f,b,p,f,s
304,e,w,b,y,b,n,f,s
315,e,y,b,s,b,g,f,n
316,p,w,x,y,n,k,f,v
321,e,y,x,y,b,k,f,s
329,e,y,b,s,b,w,f,n
333,e,y,b,y,b,w,f,n
338,e,y,b,s,b,n,f,s
350,e,n,x,f,n,g,f,y
352,e,n,f,y,b,p,f,s
355,e,y,x,y,b,w,f,s
357,e,n,f,y,b,p,f,y
362,e,n,x,f,b,p,f,a
364,e,n,f,y,b,n,f,s
375,e,w,x,s,b,k,f,s
384,e,w,b,s,b,g,f,n
389,e,y,b,y,b,n,f,n
396,e,g,x,f,b,h,f,a
399,e,g,x,f,n,n,f,v
409,e,w,x,s,b,g,f,s
421,e,w,x,y,b,n,f,s
423,p,n,x,y,n,p,f,s
429,e,w,x,s,b,p,f,a
439,e,y,b,y,b,k,f,n
442,e,w,x,y,b,g,f,s
443,e,y,x,y,b,p,f,y
445,e,y,x,s,b,w,f,n
451,e,w,x,y,b,k,f,s
454,e,y,x,f,n,p,f,v
455,e,w,b,s,b,g,f,n
461,e,w,x,s,b,k,f,s
462,e,y,f,y,b,n,f,s
463,e,w,b,s,b,g,f,s
466,e,n,f,y,b,p,f,y
467,e,w,x,s,b,g,f,n
479,e,w,x,s,n,p,f,v
481,e,y,b,y,b,k,f,s
487,e,w,x,y,b,w,f,s
502,e,y,b,y,b,g,f,n
508,e,n,f,s,b,p,f,a
511,e,n,f,f,n,k,f,y
513,e,w,x,f,n,n,f,v
521,e,w,x,s,b,w,f,n
526,e,y,b,s,b,w,f,s
531,e,n,x,y,b,n,f,y
533,p,w,x,y,n,n,f,s
534,e,n,f,y,b,w,f,y
536,e,w,x,f,b,k,f,s
538,e,n,s,f,n,p,f,v
541,e,y,x,s,b,n,f,s
542,e,g,f,f,b,p,f,s
550,e,y,x,s,b,g,f,n
553,e,y,x,y,b,p,f,s
567,e,y,x,y,b,g,f,n
568,e,g,f,s,b,k,f,s
577,e,n,x,f,n,p,f,v
586,e,w,x,y,b,k,f,s
587,e,g,s,f,n,g,f,v
592,e,g,x,s,b,h,f,s
596,p,n,x,s,n,p,f,v
599,p,w,x,y,n,p,f,s
602,e,n,x,y,b,w,f,y
603,e,w,f,f,b,k,f,a
604,e,n,f,y,b,n,f,s
608,e,n,f,y,b,n,f,y
612,e,g,x,f,b,n,f,s
614,p,w,x,s,n,k,f,s
623,e,w,x,f,n,n,f,v
626,e,w,x,s,b,g,f,s
627,e,y,f,f,n,w,f,v
629,e,w,b,y,b,g,f,s
632,e,y,b,y,b,k,f,n
640,e,w,x,y,b,g,f,s
646,e,y,x,s,n,n,f,v
655,p,w,x,y,n,w,f,v
658,e,y,b,s,b,g,f,n
659,e,y,x,y,b,w,f,y
663,p,n,x,y,n,n,f,s
666,e,y,b,s,b,w,f,n
667,e,n,f,y,b,w,f,s
694,e,g,f,s,b,k,f,a
695,p,n,x,y,n,p,f,s
697,e,y,b,s,b,w,f,s
703,e,y,x,y,b,n,f,s
705,e,y,f,y,b,p,f,s
716,e,y,b,y,b,n,f,s
725,e,y,f,y,b,n,f,s
727,e,w,x,s,b,w,f,n
728,e,w,x,f,b,h,f,s
731,e,y,f,y,b,w,f,y
733,p,w,x,s,n,k,f,s
739,e,w,x,s,b,g,f,s
747,e,w,b,y,b,w,f,s
749,p,n,x,s,n,w,f,v
764,e,n,x,f,n,g,f,v
766,e,g,f,f,b,k,f,a
771,e,w,x,s,b,w,f,n
777,p,n,x,y,n,k,f,s
790,e,y,x,y,b,p,f,y
792,e,n,f,y,b,p,f,y
793,e,w,x,y,b,k,f,n
796,p,n,x,y,n,n,f,s
805,e,w,b,y,b,k,f,n
810,e,y,x,s,n,p,f,v
820,e,w,b,y,b,k,f,n
833,e,n,x,y,b,p,f,y
839,e,y,x,y,b,w,f,s
841,e,y,f,s,n,w,f,v
867,e,n,f,f,n,n,f,v
868,e,y,f,y,b,p,f,y
871,e,n,f,y,b,p,f,y
873,e,y,x,y,b,k,f,s
881,e,w,f,f,n,w,f,v
888,e,y,f,y,b,n,f,y
889,e,y,x,y,b,w,f,y
901,e,y,f,y,b,n,f,y
903,e,n,x,s,b,p,f,s
909,p,n,f,y,n,p,f,v
910,p,n,x,s,n,w,f,v
919,e,n,f,f,b,k,f,a
920,e,w,x,s,b,h,f,s
921,e,n,f,f,b,p,f,a
923,e,y,x,y,b,n,f,n
930,e,w,b,s,b,n,f,n
937,e,y,x,y,b,w,f,n
940,e,e,x,y,b,u,f,y
945,e,g,f,f,b,n,f,v
947,e,w,f,f,b,n,f,s
954,e,g,x,f,b,n,f,a
955,e,n,f,f,b,h,f,s
958,e,n,x,y,b,n,f,v
960,e,y,x,y,b,k,f,n
961,e,n,x,f,b,n,f,a
976,e,g,x,s,b,p,f,s
981,e,n,f,f,b,u,f,y
988,e,w,x,s,b,n,f,a
989,e,g,x,s,b,k,f,a
1001,e,g,x,f,b,n,f,y
1008,e,w,f,f,b,p,f,s
1013,e,y,f,y,b,p,f,s
1014,e,n,f,s,b,n,f,s
1015,e,g,f,f,b,h,f,s
1016,e,y,f,f,n,p,f,v
1017,e,n,f,y,b,n,f,s
1023,e,w,b,y,b,k,f,n
1025,p,w,f,y,n,n,f,v
1029,e,y,x,y,b,k,f,n
1034,e,n,f,f,b,p,f,s
1036,e,w,f,f,b,p,f,a
1039,e,g,x,f,n,k,f,y
1041,e,y,x,y,b,w,f,y
1042,e,n,f,y,b,n,f,s
1044,e,n,x,y,b,u,f,v
1067,e,w,x,y,b,k,f,s
1083,e,y,b,s,b,k,f,n
1086,e,g,f,f,b,p,f,s
1090,e,y,x,y,b,w,f,s
1094,e,y,f,f,n,n,f,v
1097,e,g,x,f,b,p,f,a
1098,e,g,x,s,b,h,f,a
1110,e,n,x,s,b,h,f,a
1111,e,n,f,f,b,k,f,a
1117,e,g,f,f,b,n,f,s
1118,e,g,f,s,b,h,f,s
1120,e,g,x,s,b,h,f,s
1123,e,n,x,s,b,p,f,s
1127,e,w,f,s,b,p,f,a
1129,e,w,x,f,b,h,f,a
1133,p,n,x,s,n,p,f,s
1135,e,w,x,y,b,g,f,n
1143,e,w,f,f,b,h,f,s
1144,e,w,x,s,b,k,f,a
1145,e,n,x,s,b,n,f,a
1169,e,n,f,s,b,n,f,s
1175,e,g,x,f,n,g,f,v
1180,e,n,f,y,b,w,f,s
1195,e,w,b,s,b,g,f,n
1196,p,n,x,s,n,k,f,s
1200,e,y,b,y,b,k,f,s
1208,p,w,f,y,n,p,f,s
1210,e,w,x,f,b,p,f,s
1217,e,w,x,s,b,p,f,a
1235,e,n,f,s,b,h,f,a
1240,e,n,x,s,b,h,f,s
1243,p,w,x,s,n,p,f,s
1248,e,g,x,s,b,k,f,a
1255,p,n,f,y,n,k,f,s
1262,p,n,f,y,n,w,f,v
1272,e,w,x,s,b,n,f,s
1283,e,w,x,f,b,n,f,s
1285,e,n,x,f,b,n,f,a
1286,e,g,f,f,b,h,f,a
1295,p,w,f,s,n,p,f,v
1297,e,n,x,f,b,u,f,v
1304,e,n,x,f,b,n,f,y
1306,e,g,f,s,b,h,f,s
1307,e,n,f,f,b,p,f,s
1310,e,g,f,s,b,p,f,s
1312,e,n,f,s,b,p,f,a
1313,p,w,f,s,n,k,f,s
1316,e,n,f,f,b,k,f,s
1318,e,n,x,f,b,n,f,y
1339,e,y,x,y,b,n,f,n
1348,e,w,x,s,b,p,f,s
1352,e,n,f,s,b,k,f,s
1365,e,n,x,f,b,k,f,a
1373,e,w,x,f,b,h,f,s
1392,e,w,x,s,b,h,f,s
1393,e,w,f,s,b,h,f,a
1394,e,w,x,s,b,p,f,s
1395,e,g,f,f,b,k,f,s
1398,e,n,x,s,b,h,f,s
1402,e,y,f,y,b,p,f,y
1410,e,n,f,s,b,n,f,s
1411,e,n,x,f,b,k,f,s
1412,e,n,f,s,b,p,f,s
1423,e,n,x,f,b,n,f,v
1424,e,g,f,f,b,n,f,s
1436,e,n,x,f,b,u,f,y
1441,e,n,x,f,b,n,f,y
1447,e,n,x,s,b,p,f,s
1448,e,g,f,f,b,p,f,s
1454,p,n,f,y,n,p,f,v
1455,e,g,x,s,b,n,f,a
1458,e,n,x,f,b,n,f,y
1466,e,g,x,y,b,p,f,v
1472,e,g,f,s,b,p,f,a
1476,e,n,f,f,b,k,f,s
1477,e,n,f,s,b,p,f,a
1482,e,n,x,s,b,n,f,s
1488,e,w,f,s,b,k,f,s
1489,e,n,x,s,b,h,f,s
1523,e,w,x,s,b,k,f,a
1534,e,g,f,s,b,h,f,s
1537,e,g,x,s,b,p,f,a
1544,e,w,x,f,b,p,f,s
1548,e,g,f,f,b,k,f,s
1549,e,y,x,y,b,w,f,y
1551,e,n,f,f,b,k,f,a
1553,e,g,f,s,b,k,f,a
1554,e,w,f,f,b,n,f,a
1555,e,n,f,f,b,h,f,a
1557,e,n,x,s,b,h,f,a
1570,e,n,f,s,b,n,f,a
1571,e,n,f,f,b,k,f,a
1572,e,w,x,f,b,k,f,a
1576,e,w,f,s,b,k,f,a
1580,p,n,f,y,n,n,f,s
1584,p,n,f,s,n,w,f,v
1586,p,w,x,s,n,w,f,v
1587,e,n,x,f,b,p,f,v
1588,e,n,x,f,b,p,f,s
1593,e,g,f,f,b,p,f,s
1600,e,n,x,y,b,w,f,s
1601,e,g,x,y,b,n,f,y
1609,e,n,x,f,b,p,f,y
1610,e,n,x,s,b,k,f,s
1626,p,w,f,y,n,k,f,v
1631,p,w,f,s,n,n,f,s
1632,e,w,f,f,b,h,f,a
1642,e,n,x,f,b,w,f,v
1643,e,n,x,f,b,n,f,v
1646,e,w,x,f,b,k,f,a
1650,e,n,x,f,b,n,f,s
1653,e,n,x,s,b,h,f,s
1656,e,w,f,s,b,p,f,s
1665,e,w,x,s,b,p,f,a
1669,e,g,x,y,b,n,f,v
1682,e,g,x,s,b,p,f,s
1688,e,g,f,f,b,h,f,s
1689,e,n,x,y,b,p,f,y
1692,e,g,x,f,b,w,f,y
1695,e,w,f,s,b,n,f,a
1699,e,g,x,f,b,k,f,a
1702,e,w,f,s,b,k,f,s
1703,e,n,f,f,b,n,f,s
1707,e,w,f,f,b,n,f,s
1709,e,g,f,f,b,k,f,s
1710,e,g,x,f,b,n,f,v
1712,e,g,x,f,b,h,f,s
1713,e,n,x,f,b,w,f,v
1715,e,w,f,f,b,p,f,a
1719,e,g,f,s,b,p,f,s
1721,e,n,f,s,b,n,f,s
1730,e,g,x,s,b,n,f,a
1734,e,w,x,f,b,p,f,s
1741,e,w,x,f,b,h,f,a
1748,e,n,f,f,n,p,f,y
1751,e,g,x,f,b,k,f,s
1754,e,w,x,f,b,h,f,a
1763,e,g,f,f,b,h,f,s
1767,e,g,f,s,b,n,f,a
1771,e,g,x,s,b,k,f,a
1776,e,w,x,f,b,p,f,a
1779,p,w,f,s,n,k,f,v
1783,e,w,x,s,b,k,f,a
1785,e,y,b,s,b,k,f,s
1795,e,n,x,f,b,p,f,a
1798,e,w,f,s,b,p,f,a
1799,p,w,f,y,n,k,f,v
1801,e,n,f,y,b,w,f,v
1802,e,g,x,f,b,h,f,a
1803,e,g,x,f,b,u,f,v
1807,e,g,f,s,b,h,f,s
1818,e,n,f,s,b,k,f,a
1819,e,w,f,s,b,p,f,s
1837,e,n,x,y,b,w,f,y
1841,e,g,x,f,b,h,f,a
1843,e,g,x,y,b,p,f,v
1845,e,e,x,y,b,p,f,v
1866,e,e,x,y,b,w,f,y
1869,e,n,x,s,b,n,f,a
1871,e,n,x,s,b,n,f,s
1876,e,e,x,f,b,p,f,y
1893,e,n,x,s,b,h,f,a
1896,e,n,x,y,b,w,f,v
1900,e,g,x,s,b,p,f,s
1909,e,g,f,s,b,h,f,a
1913,e,e,x,y,b,n,f,v
1914,e,g,x,f,b,h,f,s
1918,e,n,f,s,b,h,f,a
1921,e,e,x,f,b,u,f,y
1924,e,g,x,f,b,h,f,s
1925,e,e,x,y,b,w,f,v
1930,e,g,f,s,b,p,f,s
1935,e,n,x,f,b,k,f,s
1936,e,n,x,s,b,k,f,s
1938,e,w,x,f,b,h,f,a
1940,e,g,x,s,b,k,f,s
1941,e,e,x,y,b,p,f,v
1946,p,w,f,s,n,k,f,v
1956,p,w,x,s,n,p,f,v
1959,e,g,x,f,b,p,f,y
1965,e,w,f,s,b,h,f,a
1968,e,n,f,s,b,k,f,s
1971,e,n,x,f,b,k,f,a
1978,e,g,x,f,b,u,f,y
1979,e,n,f,f,b,p,f,a
1986,e,g,x,f,b,n,f,y
1987,e,g,x,s,b,n,f,a
1997,e,n,f,s,b,p,f,s
1998,e,n,f,f,b,p,f,a
2000,e,n,x,s,b,k,f,s
2013,e,e,x,f,b,u,f,v
2014,e,n,f,f,b,k,f,a
2019,e,w,f,f,n,n,f,v
2020,e,n,f,f,b,p,f,a
2022,e,g,x,y,b,n,f,y
2053,e,n,x,s,b,p,f,s
2056,e,w,f,f,b,k,f,s
2063,e,g,f,f,b,p,f,s
2075,p,w,x,s,n,p,f,v
2076,e,y,x,s,b,k,f,n
2081,e,g,x,f,b,k,f,s
2083,e,n,x,f,b,n,f,v
2087,e,n,f,f,b,h,f,s
2092,e,w,x,s,b,k,f,a
2098,e,g,x,f,b,p,f,s
2118,e,g,x,y,b,n,f,v
2119,e,g,x,f,b,n,f,v
2122,e,e,f,y,b,n,f,y
2123,e,n,f,f,b,p,f,v
2124,e,n,x,f,b,u,f,v
2126,e,e,x,y,b,u,f,v
2130,p,w,f,s,n,p,f,s
2132,e,w,x,f,b,h,f,s
2133,e,n,x,y,b,u,f,v
2140,e,g,x,f,b,w,f,y
2141,e,e,x,f,b,w,f,v
2157,e,n,x,y,b,n,f,y
2159,e,n,f,f,b,w,f,y
2164,e,n,x,y,b,u,f,y
2165,e,n,f,f,b,u,f,y
2166,e,e,x,f,b,n,f,y
2167,e,e,x,y,b,w,f,y
2168,e,g,x,f,b,p,f,y
2171,e,g,x,y,b,p,f,v
2172,e,g,x,f,b,n,f,v
2174,e,g,x,y,b,n,f,v
2184,e,e,x,y,b,w,f,v
2188,e,e,x,f,b,n,f,y
2201,e,w,x,s,b,p,f,a
2210,e,g,x,y,b,w,f,v
2221,e,e,x,f,b,w,f,v
2222,e,g,f,f,b,p,f,v
2225,e,n,f,f,b,w,f,y
2226,e,e,x,f,b,p,f,v
2227,e,e,x,f,b,n,f,y
2229,e,g,x,y,b,p,f,y
2234,e,e,f,y,b,p,f,v
2240,e,e,x,f,b,p,f,y
2242,p,w,f,s,n,w,f,v
2267,e,w,f,s,b,h,f,a
2275,e,g,f,f,b,n,f,v
2278,e,n,x,f,b,w,f,y
2280,e,g,f,f,b,w,f,v
2282,e,n,x,y,b,u,f,y
2285,e,n,x,y,b,p,f,y
2289,p,n,f,s,n,p,f,s
2302,e,n,x,y,b,u,f,v
2318,e,n,f,y,b,w,f,y
2327,e,n,f,f,b,w,f,y
2328,e,g,f,y,b,u,f,v
2347,e,w,x,f,b,h,f,s
2358,e,n,x,y,b,p,f,y
2361,e,n,x,y,b,n,f,y
2372,e,e,x,f,b,p,f,y
2377,e,g,x,f,b,w,f,v
2381,e,n,f,f,b,n,f,y
2383,e,g,x,y,b,n,f,v
2384,e,n,f,f,b,u,f,y
2386,p,g,x,f,b,h,f,y
2396,e,n,f,f,b,u,f,y
2400,e,e,x,f,b,n,f,y
2405,e,g,f,y,b,p,f,v
2407,e,e,x,y,b,w,f,y
2410,e,g,f,f,b,n,f,y
2411,e,g,x,f,b,p,f,v
2424,e,g,f,f,b,n,f,y
2437,e,g,f,f,b,p,f,y
2441,e,g,x,y,b,u,f,y
2447,e,n,x,f,b,w,f,v
2467,e,n,f,f,b,p,f,v
2471,e,g,f,f,b,p,f,v
2474,e,g,x,y,b,w,f,v
2485,e,e,x,f,b,p,f,v
2494,e,g,x,y,b,w,f,v
2497,e,n,f,f,b,u,f,y
2501,e,w,f,s,b,h,f,s
2503,e,n,x,f,b,w,f,v
2509,e,g,x,f,b,w,f,v
2513,p,w,x,s,n,p,f,s
2515,e,g,f,f,b,p,f,y
2516,e,n,f,f,b,u,f,v
2521,e,e,x,f,b,p,f,v
2534,p,g,x,f,b,g,f,y
2538,e,e,x,y,b,n,f,v
2546,e,g,x,y,b,n,f,v
2548,e,g,x,f,b,w,f,y
2563,e,e,x,y,b,w,f,v
2568,e,e,x,y,b,n,f,y
2569,e,g,f,f,b,p,f,v
2575,e,n,x,y,b,p,f,v
2582,e,g,x,y,b,p,f,v
2585,e,n,f,f,b,w,f,v
2599,e,g,x,f,b,n,f,y
2606,p,g,x,f,b,g,f,v
2607,e,e,x,f,b,p,f,v
2608,e,n,f,f,b,n,f,v
2622,e,e,x,y,b,n,f,v
2623,e,n,x,f,b,n,f,y
2625,e,e,x,y,b,p,f,v
2630,e,n,x,f,b,w,f,y
2631,e,n,f,s,b,p,f,a
2633,e,g,x,y,b,n,f,y
2634,e,g,f,y,b,w,f,v
2643,e,e,x,y,b,w,f,v
2646,e,g,x,f,b,u,f,y
2654,e,n,f,y,b,w,f,y
2660,e,e,x,f,b,w,f,y
2662,e,e,x,f,b,p,f,v
2664,e,g,x,f,b,n,f,v
2679,e,e,x,y,b,u,f,y
2682,e,n,x,y,b,n,f,y
2687,e,e,x,y,b,w,f,y
2697,e,n,f,f,b,p,f,y
2704,e,n,f,f,b,w,f,y
2707,e,e,x,f,b,u,f,y
2739,e,e,x,f,b,w,f,y
2743,e,e,x,f,b,u,f,y
2754,e,g,x,y,b,w,f,v
2758,e,n,x,y,b,n,f,v
2762,e,g,x,f,b,u,f,y
2767,p,g,x,f,b,g,f,v
2777,e,n,x,y,b,p,f,v
2782,e,e,x,y,b,p,f,v
2785,e,g,f,f,b,p,f,v
2786,e,n,f,f,b,n,f,y
2787,e,n,x,f,b,w,f,y
2794,e,n,f,f,b,w,f,y
2796,e,e,x,f,b,n,f,v
2797,e,g,x,f,b,w,f,v
2798,p,w,x,f,n,g,f,s
2799,e,e,x,y,b,p,f,y
2802,e,w,f,f,b,h,f,s
2810,e,e,x,f,b,n,f,v
2817,e,n,x,f,b,w,f,y
2820,e,g,x,y,b,n,f,y
2827,e,e,x,f,b,u,f,v
2834,e,n,f,f,b,n,f,y
2846,e,g,x,y,b,p,f,y
2849,e,g,f,f,b,n,f,y
2851,e,n,x,y,b,w,f,y
2853,e,n,x,f,b,u,f,v
2856,e,g,x,y,b,w,f,v
2859,e,g,f,f,b,p,f,y
2863,e,e,x,y,b,w,f,v
2864,e,g,x,y,b,u,f,y
2865,e,g,x,y,b,n,f,v
2871,e,n,x,y,b,p,f,v
2875,e,e,x,f,b,p,f,y
2876,e,g,x,y,b,w,f,y
2887,e,n,f,f,b,n,f,v
2888,p,g,x,s,n,n,f,v
2902,e,n,f,y,b,p,f,y
2904,p,g,x,f,b,h,f,y
2907,e,g,x,f,b,n,f,y
2908,e,e,x,f,b,p,f,y
2909,e,g,x,f,b,p,f,y
2910,e,g,x,f,b,p,f,y
2913,e,g,x,f,b,p,f,v
2921,e,n,x,y,b,w,f,y
2931,e,g,x,f,b,w,f,v
2942,e,n,x,f,b,u,f,v
2952,e,n,x,y,b,p,f,v
2956,e,n,f,f,b,n,f,v
2958,e,n,x,f,b,n,f,y
2964,e,n,f,f,b,u,f,y
2965,e,n,x,y,b,u,f,y
2969,e,e,x,y,b,p,f,y
2994,e,n,f,f,b,n,f,y
2995,e,e,x,f,b,u,f,v
2999,e,e,x,y,b,w,f,v
3002,p,y,x,y,b,h,f,v
3010,p,g,x,f,b,h,f,y
3016,e,n,f,y,b,u,f,v
3019,e,e,f,y,b,p,f,v
3026,e,e,f,y,b,p,f,v
3027,p,p,x,f,n,u,f,s
3028,p,g,x,f,b,g,f,y
3030,e,g,f,y,b,w,f,v
3037,e,e,f,y,b,p,f,v
3038,p,g,x,f,n,p,f,s
3039,e,e,f,f,b,p,f,y
3041,p,y,x,y,b,p,f,v
3048,p,p,x,s,n,n,f,v
3050,e,e,x,y,b,u,f,v
3051,e,e,f,f,b,p,f,y
3057,e,n,f,y,b,p,f,v
3059,p,p,x,f,n,n,f,s
3061,p,g,x,f,b,p,f,y
3066,e,g,f,y,b,u,f,v
3072,e,n,x,y,b,w,f,y
3075,e,n,f,y,b,p,f,y
3083,p,g,x,f,b,g,f,v
3087,e,e,f,y,b,u,f,y
3089,e,e,f,y,b,w,f,y
3094,p,g,x,f,b,p,f,v
3098,p,p,x,s,n,p,f,s
3105,p,g,x,s,n,g,f,s
3107,e,e,f,f,b,w,f,y
3120,p,w,x,f,n,n,f,v
3122,e,g,f,y,b,w,f,y
3123,p,g,x,f,b,p,f,y
3128,e,g,f,y,b,p,f,v
3129,e,e,f,f,b,w,f,v
3136,e,e,f,y,b,p,f,y
3141,e,n,f,y,b,p,f,v
3142,p,g,x,f,b,p,f,y
3145,e,g,f,y,b,p,f,y
3147,e,g,f,y,b,n,f,v
3148,p,w,x,s,n,g,f,s
3150,e,n,f,f,b,n,f,v
3152,e,e,f,y,b,n,f,y
3159,e,e,f,y,b,u,f,v
3162,p,g,x,f,b,p,f,v
3168,e,e,f,y,b,w,f,v
3169,p,g,x,y,b,p,f,v
3179,e,g,f,y,b,n,f,v
3182,p,p,x,f,n,u,f,v
3183,p,w,x,f,n,n,f,s
3195,e,e,f,y,b,u,f,y
3198,e,e,f,f,b,w,f,v
3202,p,g,f,f,b,h,f,y
3217,e,g,f,y,b,w,f,v
3221,e,n,f,y,b,w,f,y
3223,e,g,f,y,b,n,f,y
3224,e,n,f,y,b,w,f,y
3225,e,g,x,f,b,n,f,v
3231,e,g,f,y,b,n,f,v
3235,e,g,x,y,b,n,f,y
3237,e,e,f,y,b,p,f,y
3239,e,g,x,f,b,w,f,v
3240,p,g,x,f,b,h,f,v
3241,e,g,f,y,b,p,f,y
3243,p,w,x,s,n,p,f,s
3245,e,e,f,f,b,n,f,y
3249,p,g,x,f,b,g,f,y
3254,p,g,x,s,n,n,f,s
3256,e,e,f,y,b,n,f,v
3271,p,p,x,f,n,p,f,s
3283,p,p,x,s,n,p,f,v
3286,e,n,f,y,b,w,f,y
3287,e,n,x,y,b,u,f,v
3290,e,e,f,f,b,p,f,y
3293,p,p,x,f,n,n,f,s
3308,e,n,f,y,b,n,f,y
3318,e,g,f,y,b,p,f,v
3324,p,g,x,f,b,p,f,v
3325,e,g,f,y,b,n,f,v
3328,p,p,x,f,n,g,f,v
3330,e,g,x,f,b,p,f,v
3334,e,n,f,y,b,n,f,y
3338,p,w,x,f,n,g,f,v
3358,p,w,x,f,n,p,f,v
3359,p,g,x,f,b,p,f,v
3368,e,e,f,y,b,w,f,v
3371,e,n,f,y,b,w,f,v
3376,e,g,f,f,b,u,f,v
3379,e,e,f,y,b,w,f,v
3380,p,y,f,f,b,g,f,v
3385,e,e,f,f,b,u,f,v
3392,e,g,f,y,b,w,f,y
3394,p,g,x,f,n,n,f,s
3399,e,n,x,y,b,n,f,v
3401,p,g,x,s,n,n,f,s
3405,e,e,f,y,b,u,f,y
3408,e,g,x,y,b,w,f,y
3412,p,g,x,s,n,n,f,s
3419,p,g,x,s,n,p,f,s
3431,e,g,f,y,b,p,f,v
3435,e,e,f,f,b,p,f,v
3440,p,g,x,f,b,h,f,v
3446,e,g,f,y,b,n,f,v
3449,e,n,x,f,b,u,f,v
3461,e,g,f,f,b,u,f,y
3462,e,e,x,y,b,p,f,y
3464,p,w,x,f,n,n,f,s
3465,e,e,f,f,b,p,f,y
3468,e,n,f,y,b,n,f,v
3469,p,g,x,f,n,p,f,v
3470,p,p,x,s,n,n,f,v
3484,p,w,x,s,n,u,f,v
3485,p,w,x,f,n,p,f,s
3496,e,n,f,y,b,w,f,v
3497,p,g,x,f,b,h,f,y
3498,e,e,f,f,b,u,f,y
3507,p,g,x,f,b,p,f,v
3519,e,e,x,f,b,n,f,v
3527,e,n,f,f,b,p,f,y
3535,e,n,f,y,b,p,f,v
3536,e,n,f,y,b,p,f,v
3537,p,g,x,s,n,n,f,s
3543,e,e,f,f,b,n,f,v
3545,p,g,x,f,b,h,f,v
3557,p,y,x,y,b,p,f,y
3558,p,g,x,s,n,p,f,v
3560,p,g,f,f,b,p,f,v
3564,e,g,f,y,b,w,f,v
3566,p,y,x,f,b,p,f,v
3568,p,g,x,f,b,p,f,v
3570,e,e,f,f,b,w,f,y
3572,e,e,f,f,b,p,f,v
3577,e,e,f,y,b,n,f,v
3580,e,g,f,f,b,w,f,v
3584,p,g,x,f,n,n,f,v
3595,p,g,f,f,b,g,f,y
3602,e,n,x,y,b,w,f,y
3616,e,g,f,y,b,n,f,y
3617,p,p,x,f,n,u,f,s
3618,e,e,f,f,b,w,f,y
3627,e,g,f,f,b,w,f,y
3628,p,p,x,f,n,g,f,s
3639,e,g,f,f,b,w,f,y
3660,e,n,f,y,b,u,f,v
3661,e,e,x,y,b,u,f,y
3674,e,g,f,f,b,w,f,y
3675,e,g,f,f,b,u,f,v
3676,p,g,x,f,b,h,f,v
3677,e,n,f,y,b,p,f,y
3681,e,e,f,y,b,n,f,y
3683,e,e,f,y,b,n,f,y
3684,p,w,x,s,n,u,f,s
3685,p,g,x,f,b,h,f,v
3695,p,g,x,f,b,g,f,v
3698,p,p,x,s,n,u,f,v
3704,p,p,x,f,n,p,f,s
3705,p,g,x,f,b,p,f,v
3714,p,y,f,y,b,h,f,y
3715,e,e,f,y,b,n,f,y
3734,e,e,f,y,b,n,f,v
3743,p,g,x,s,n,n,f,v
3744,e,e,f,y,b,w,f,v
3752,p,g,x,f,n,n,f,v
3760,e,e,f,f,b,u,f,y
3763,e,e,f,y,b,n,f,y
3770,e,g,f,f,b,w,f,y
3773,e,n,f,y,b,p,f,v
3783,e,e,f,f,b,w,f,v
3789,e,n,x,y,b,n,f,v
3790,e,g,f,y,b,p,f,y
3794,e,e,f,y,b,w,f,y
3810,e,g,f,y,b,p,f,y
3812,e,n,f,y,b,n,f,v
3822,e,g,x,f,b,n,f,y
3838,e,g,f,y,b,p,f,v
3841,p,g,x,f,b,h,f,v
3843,e,e,f,f,b,n,f,y
3844,p,g,x,y,b,g,f,v
3849,e,e,f,y,b,n,f,y
3852,e,g,f,y,b,u,f,y
3860,p,w,x,f,n,n,f,v
3869,p,w,x,f,n,u,f,v
3887,e,e,f,f,b,p,f,v
3890,p,g,x,f,b,h,f,v
3894,e,g,f,y,b,p,f,v
3899,p,w,x,f,n,p,f,v
3918,p,y,x,y,b,h,f,v
3919,p,g,f,y,b,g,f,v
3925,e,g,f,f,b,w,f,v
3935,p,y,f,f,b,h,f,v
3937,p,y,x,y,b,p,f,v
3938,e,e,f,f,b,u,f,v
3939,e,e,f,y,b,n,f,y
3945,p,g,f,y,b,p,f,v
3946,e,g,f,y,b,u,f,v
3949,e,e,f,f,b,p,f,v
3958,p,g,f,f,b,h,f,v
3960,p,g,x,s,b,w,f,v
3966,p,g,x,y,b,h,f,y
3970,p,w,x,s,n,g,f,v
3971,p,g,x,y,b,g,f,v
3975,p,y,x,f,b,g,f,y
3979,p,w,x,s,n,u,f,v
3980,e,e,f,f,b,w,f,v
3983,p,w,f,s,b,p,f,v
3985,e,b,x,y,b,e,f,c
3989,p,y,f,f,b,h,f,y
3994,p,g,x,f,n,u,f,s
4004,e,e,f,f,b,w,f,y
4007,e,e,f,f,b,w,f,v
4009,e,g,f,f,b,w,f,y
4017,p,y,x,f,b,g,f,v
4020,e,g,x,y,b,u,f,v
4033,p,y,x,y,b,h,f,v
4034,e,e,f,f,b,w,f,v
4044,p,g,f,f,b,p,f,y
4048,e,n,f,y,b,p,f,v
4049,p,w,x,f,n,u,f,s
4060,e,e,x,f,b,n,f,v
4061,p,y,x,y,b,h,f,v
4062,e,n,f,f,b,n,f,y
4063,e,e,f,y,b,p,f,y
4069,e,g,f,y,b,w,f,y
4074,e,e,f,f,b,u,f,v
4076,p,y,x,f,b,h,f,y
4079,p,y,f,y,b,p,f,v
4087,p,y,x,f,b,h,f,y
4094,e,g,f,f,b,w,f,y
4099,p,w,x,f,n,u,f,v
4103,p,g,f,y,b,p,f,y
4105,p,n,x,y,n,b,f,v
4106,e,e,f,y,b,n,f,v
4107,p,b,b,s,b,g,f,v
4108,e,g,f,f,b,w,f,y
4115,p,g,x,f,b,p,f,y
4122,e,e,f,y,b,u,f,v
4134,p,g,x,s,n,g,f,s
4141,p,g,f,f,b,g,f,y
4156,e,e,f,y,b,p,f,v
4159,p,g,f,f,b,h,f,y
4161,p,g,x,y,b,g,f,y
4162,e,g,f,f,b,u,f,v
4176,p,g,f,f,b,g,f,y
4185,p,g,x,f,b,g,f,v
4190,p,y,f,y,b,h,f,v
4205,p,g,f,y,b,h,f,y
4211,p,g,f,f,b,h,f,y
4215,p,y,x,f,b,g,f,y
4216,p,y,x,y,b,p,f,v
4218,p,y,x,f,b,h,f,y
4220,p,g,f,y,b,p,f,y
4223,p,g,x,y,b,h,f,v
4234,p,y,f,f,b,h,f,v
4237,p,y,f,f,b,p,f,y
4239,p,g,f,f,b,g,f,v
4245,p,y,x,y,b,g,f,v
4261,p,g,f,f,b,g,f,y
4264,p,y,x,y,b,g,f,y
4268,p,g,f,f,b,g,f,v
4276,p,y,x,f,b,h,f,y
4277,e,n,k,y,n,w,f,v
4280,p,y,f,f,b,p,f,y
4282,p,g,x,f,b,h,f,y
4283,p,y,f,f,b,p,f,v
4284,e,p,f,s,b,e,f,c
4286,p,y,x,f,b,g,f,y
4287,p,g,x,y,b,p,f,y
4290,p,g,f,y,b,h,f,y
4291,p,g,f,y,b,h,f,v
4292,e,p,k,s,b,e,f,c
4299,p,g,x,y,b,g,f,y
4308,p,g,f,y,b,g,f,v
4312,p,y,x,y,b,g,f,y
4313,p,y,f,f,b,p,f,y
4319,p,g,f,y,b,g,f,y
4325,p,g,f,y,b,h,f,y
4327,e,r,x,y,n,p,f,v
4330,p,n,x,y,n,b,f,v
4333,p,y,f,f,b,p,f,y
4334,p,g,x,y,b,h,f,v
4339,p,g,x,y,b,g,f,v
4343,p,y,f,f,b,h,f,y
4348,p,g,f,f,b,h,f,v
4355,p,y,f,f,b,p,f,v
4356,p,g,f,y,b,h,f,y
4358,e,e,x,s,b,e,f,c
4375,p,w,x,s,b,w,f,s
4382,p,y,x,y,b,h,f,y
4392,p,g,f,y,b,h,f,y
4395,p,g,f,y,b,h,f,v
4400,p,y,f,f,b,h,f,y
4403,p,g,f,f,b,h,f,v
4415,p,y,x,y,b,p,f,y
4423,p,y,x,y,b,h,f,y
4428,p,y,x,y,b,h,f,v
4431,p,y,f,f,b,p,f,v
4435,p,g,f,y,b,p,f,v
4438,p,g,f,f,b,g,f,v
4439,p,g,x,s,n,p,f,v
4441,p,g,f,s,b,h,f,s
4445,e,g,f,y,b,u,f,y
4452,e,n,f,y,b,n,f,v
4455,p,g,x,y,b,p,f,v
4459,p,y,x,y,b,h,f,y
4460,e,b,k,y,b,e,f,c
4463,p,g,f,y,b,p,f,y
4465,p,y,f,y,b,h,f,v
4471,p,y,x,y,b,g,f,v
4472,p,y,f,f,b,g,f,y
4473,p,y,x,f,b,p,f,y
4482,p,y,x,y,b,h,f,v
4487,p,g,f,f,b,g,f,v
4493,p,g,f,y,b,h,f,v
4494,p,g,x,y,b,p,f,y
4496,p,y,f,f,b,h,f,y
4497,p,g,x,s,b,p,f,v
4507,p,g,f,y,b,g,f,y
4512,p,g,f,f,b,p,f,y
4517,p,g,x,y,b,h,f,v
4529,p,y,x,f,b,h,f,v
4530,p,g,f,f,b,h,f,y
4533,p,y,x,f,b,p,f,y
4535,e,b,f,y,b,e,f,c
4536,p,y,f,y,b,h,f,y
4548,p,g,f,f,b,h,f,v
4556,p,y,x,f,b,g,f,y
4557,e,g,f,f,b,u,f,v
4559,p,g,x,y,b,h,f,y
4571,e,e,f,f,b,w,f,v
4577,p,g,f,f,b,p,f,y
4581,p,y,x,f,b,h,f,y
4583,p,g,x,y,b,p,f,y
4585,p,g,f,f,b,p,f,y
4603,p,g,f,f,b,p,f,v
4604,p,g,f,f,b,h,f,y
4609,p,y,x,y,b,h,f,v
4612,e,b,f,y,b,w,f,c
4614,p,y,x,y,b,h,f,y
4622,p,y,f,f,b,g,f,y
4638,p,y,f,f,b,p,f,y
4643,p,g,x,y,b,p,f,v
4644,p,y,x,f,b,g,f,v
4647,p,y,x,f,b,p,f,v
4649,p,y,f,f,b,h,f,y
4660,p,y,x,f,b,g,f,v
4668,p,g,f,f,b,h,f,y
4671,p,y,f,f,b,p,f,y
4677,p,g,x,y,b,g,f,y
4681,p,y,f,y,b,g,f,y
4684,p,y,f,f,b,g,f,y
4688,p,g,f,y,b,h,f,v
4693,p,y,x,y,b,g,f,y
4695,p,g,x,y,b,h,f,v
4696,p,y,f,f,b,h,f,v
4699,p,y,x,y,b,h,f,y
4712,p,g,x,y,b,h,f,y
4721,p,y,f,f,b,g,f,y
4726,p,g,f,f,b,p,f,y
4731,p,g,f,y,b,g,f,v
4738,p,g,f,y,b,h,f,y
4743,p,g,f,y,b,g,f,y
4745,p,y,x,y,b,h,f,y
4750,p,p,x,f,n,p,f,s
4751,p,y,f,f,b,g,f,v
4764,p,g,x,y,b,g,f,v
4775,p,y,x,f,b,h,f,v
4779,p,y,f,f,b,p,f,v
4785,p,y,x,y,b,g,f,v
4789,e,n,f,y,b,n,f,v
4792,p,y,x,y,b,h,f,v
4793,p,y,f,f,b,h,f,y
4806,p,g,f,y,b,p,f,v
4808,p,g,f,y,b,p,f,v
4812,p,y,f,f,b,p,f,y
4815,p,n,k,f,n,w,f,v
4816,p,g,f,f,b,g,f,v
4819,p,g,f,f,b,h,f,v
4821,p,w,f,s,b,w,f,v
4822,p,y,f,f,b,g,f,v
4840,p,y,f,y,b,p,f,v
4844,p,w,b,s,b,g,f,v
4847,e,n,k,y,b,w,f,c
4850,p,g,f,y,b,h,f,v
4858,p,g,f,f,b,p,f,v
4862,p,y,x,y,b,g,f,v
4863,e,g,f,f,b,u,f,v
4870,p,n,x,y,n,b,f,v
4884,p,y,f,f,b,p,f,y
4890,p,w,x,s,b,h,f,s
4896,p,y,x,f,b,g,f,y
4897,p,g,f,y,b,p,f,y
4903,p,y,f,y,b,p,f,y
4910,p,y,x,y,b,g,f,v
4913,p,y,f,f,b,h,f,y
4917,p,y,x,y,b,h,f,y
4918,p,y,x,f,b,p,f,y
4931,e,n,x,f,n,w,f,v
4932,e,e,x,y,b,e,f,c
4933,p,g,x,y,b,g,f,v
4934,p,y,x,f,b,g,f,v
4939,p,n,x,y,n,b,f,v
4940,e,b,k,s,b,w,f,c
4942,p,g,x,f,b,g,f,v
4945,p,y,f,y,b,h,f,v
4962,p,y,f,f,b,p,f,y
4965,e,b,f,s,b,w,f,c
4972,p,g,f,f,b,p,f,y
4973,p,y,x,f,b,p,f,y
4983,p,y,x,y,b,g,f,v
4995,p,g,f,f,b,h,f,y
5008,p,y,f,y,b,g,f,y
5020,p,y,f,f,b,p,f,v
5024,e,u,f,y,n,p,f,v
5025,p,y,x,f,b,g,f,y
5026,p,g,f,y,b,g,f,y
5027,p,y,x,f,b,g,f,v
5030,p,g,f,y,b,g,f,y
5033,p,g,x,y,b,p,f,v
5036,p,g,x,f,b,p,f,y
5046,p,g,f,f,b,h,f,v
5047,p,y,f,y,b,h,f,y
5048,p,y,x,f,b,h,f,y
5060,p,y,f,y,b,h,f,v
5066,p,w,x,s,b,h,f,s
5084,p,y,x,y,b,h,f,y
5089,p,g,f,f,b,h,f,v
5094,p,y,f,y,b,h,f,v
5101,p,y,x,f,b,p,f,v
5103,p,y,f,y,b,p,f,y
5109,p,g,x,s,b,p,f,v
5110,e,c,f,y,n,w,f,v
5120,p,w,x,s,b,h,f,v
5122,p,b,f,s,b,p,f,v
5123,e,c,k,y,n,w,f,v
5126,p,g,f,s,b,w,f,s
5127,p,w,c,g,n,w,f,c
5128,p,g,x,s,b,p,f,s
5129,p,w,b,g,n,w,f,c
5132,p,y,b,f,n,w,f,v
5139,p,y,f,y,b,p,f,y
5140,p,g,x,y,b,p,f,y
5144,p,g,f,f,b,p,f,y
5149,e,n,f,f,n,w,f,v
5154,p,b,f,y,b,r,f,v
5160,p,g,f,s,b,w,f,v
5162,p,b,x,s,b,p,f,v
5172,p,b,f,s,b,h,f,v
5174,p,y,f,y,b,h,f,v
5182,p,g,x,s,b,w,f,v
5186,e,c,f,y,n,w,f,v
5195,p,n,x,y,n,b,f,v
5200,p,g,f,y,b,g,f,v
5201,p,g,f,f,b,g,f,y
5211,e,n,f,s,b,e,f,c
5214,p,g,x,s,b,p,f,v
5219,p,n,x,y,n,b,f,v
5222,e,p,x,y,b,w,f,c
5223,p,g,f,s,b,p,f,s
5224,e,p,x,s,b,e,f,c
5225,p,n,b,y,n,w,f,v
5230,p,n,x,y,n,b,f,v
5239,e,n,k,f,n,w,f,v
5245,p,y,f,y,b,p,f,v
5249,p,w,b,y,b,w,f,v
5264,p,b,f,s,b,p,f,s
5265,e,e,f,s,b,w,f,c
5268,p,n,x,y,n,b,f,v
5269,p,w,x,s,b,h,f,v
5271,p,g,f,y,b,p,f,y
5272,e,b,x,s,b,e,f,c
5276,p,w,f,s,b,h,f,v
5278,p,y,k,y,n,w,f,v
5281,e,p,k,y,b,w,f,c
5286,e,b,x,s,b,w,f,c
5298,p,n,x,y,n,b,f,v
5302,p,g,f,f,b,p,f,v
5304,p,y,x,f,b,g,f,v
5305,p,n,x,y,n,b,f,v
5306,p,n,x,y,n,b,f,v
5325,p,n,x,y,n,b,f,v
5340,p,y,f,y,b,p,f,y
5344,p,y,f,y,b,h,f,y
5355,p,n,x,y,n,b,f,v
5360,p,y,f,y,b,h,f,y
5363,e,n,f,s,b,e,f,c
5364,p,y,f,y,b,p,f,y
5370,p,p,f,s,b,w,f,v
5371,p,y,f,y,b,h,f,y
5372,e,p,k,s,b,w,f,c
5373,p,b,x,s,b,h,f,s
5380,p,n,x,y,n,b,f,v
5381,p,y,x,y,b,p,f,v
5392,p,w,f,s,b,p,f,v
5395,p,y,b,y,n,w,f,v
5403,p,e,x,y,n,b,f,v
5404,p,w,f,s,b,h,f,s
5413,p,y,f,y,b,h,f,v
5426,p,g,f,s,b,w,f,s
5432,p,y,f,y,b,p,f,v
5440,p,w,f,y,b,g,f,v
5443,p,g,x,y,b,h,f,v
5447,p,n,x,y,n,b,f,v
5448,p,g,x,s,b,h,f,s
5451,p,g,x,s,b,w,f,v
5455,p,g,f,y,b,p,f,y
5461,p,b,f,s,b,h,f,s
5462,p,n,x,y,n,b,f,v
5482,e,p,k,s,b,e,f,c
5485,p,y,x,f,b,p,f,v
5486,p,g,f,y,b,p,f,v
5491,p,b,x,s,b,w,f,v
5498,e,r,f,y,n,w,f,v
5512,p,e,x,y,n,b,f,v
5515,e,p,x,y,b,e,f,c
5517,p,y,f,y,b,h,f,y
5518,p,n,x,y,n,b,f,v
5519,p,y,x,f,b,g,f,y
5521,p,g,x,s,b,h,f,v
5529,e,r,f,y,n,h,f,v
5532,p,b,f,s,b,p,f,v
5537,e,e,f,y,b,w,f,c
5538,e,b,x,y,b,w,f,c
5550,p,n,x,y,n,b,f,v
5554,e,u,f,y,n,p,f,y
5556,p,w,x,s,b,p,f,v
5557,e,e,x,s,b,w,f,c
5560,p,n,x,y,n,b,f,v
5565,p,w,x,s,b,w,f,v
5568,p,y,f,f,b,h,f,v
5569,p,g,x,s,b,p,f,v
5571,e,n,x,y,b,e,f,c
5575,p,b,x,s,b,h,f,s
5590,p,n,x,y,n,b,f,v
5594,p,p,f,y,b,r,f,v
5597,e,b,f,s,b,e,f,c
5606,p,w,f,s,b,r,f,v
5609,e,n,k,y,n,w,f,v
5611,p,w,f,s,b,r,f,v
5619,p,b,x,s,b,p,f,v
5620,e,b,f,y,b,w,f,c
5630,p,b,f,s,b,p,f,v
5643,p,g,f,y,b,g,f,y
5648,p,w,x,s,b,w,f,s
5656,p,b,f,s,b,p,f,v
5662,e,e,f,y,b,e,f,c
5667,e,c,k,y,n,w,f,v
5668,p,g,x,f,b,p,f,y
5678,p,w,x,s,b,w,f,v
5688,e,c,k,f,n,w,f,v
5689,p,g,x,s,b,p,f,v
5695,p,n,x,y,n,b,f,v
5697,p,y,f,y,b,h,f,y
5702,p,y,f,y,b,g,f,y
5707,p,g,x,s,b,w,f,v
5723,p,n,x,y,n,b,f,v
5731,p,y,f,y,b,p,f,v
5733,e,n,f,y,b,w,f,c
5738,e,b,x,y,b,w,f,c
5746,p,n,x,y,n,b,f,v
5747,p,y,f,y,b,g,f,v
5760,p,b,x,s,b,p,f,s
5766,p,w,f,s,b,h,f,s
5774,e,r,f,y,n,p,f,y
5775,p,p,b,s,b,g,f,v
5776,p,b,x,s,b,p,f,v
5779,p,b,x,s,b,w,f,v
5784,p,n,f,y,n,w,f,v
5795,e,n,f,y,n,w,f,v
5800,p,e,x,y,n,b,f,v
5801,p,y,x,y,n,w,f,v
5804,p,g,f,f,b,p,f,y
5810,p,y,f,y,b,p,f,v
5829,e,n,k,s,b,e,f,c
5836,e,w,f,y,n,w,f,v
5837,e,w,x,y,n,h,f,y
5838,p,n,x,y,n,b,f,v
5844,p,y,f,y,b,g,f,y
5847,p,g,x,s,b,p,f,s
5850,e,n,k,s,b,w,f,c
5861,p,n,x,y,n,b,f,v
5875,e,p,x,y,b,w,f,c
5878,p,g,x,s,b,h,f,v
5890,p,b,f,s,b,p,f,s
5900,p,y,f,y,b,p,f,y
5909,p,g,x,s,b,w,f,v
5917,e,b,f,y,b,e,f,c
5919,p,g,x,s,b,p,f,v
5928,p,p,b,s,b,g,f,v
5937,p,g,x,s,b,w,f,v
5941,p,p,b,y,b,g,f,v
5948,p,b,b,s,b,r,f,v
5957,p,n,x,y,n,b,f,v
5960,p,g,x,s,b,p,f,s
5963,e,n,f,y,n,w,f,v
5964,p,b,f,y,b,g,f,v
5969,p,g,f,f,b,p,f,v
5973,p,p,f,s,b,g,f,v
5975,p,b,f,s,b,w,f,v
5976,p,b,x,s,b,w,f,v
5983,p,p,f,s,b,r,f,v
5984,p,y,f,y,b,p,f,y
5990,p,n,x,y,n,b,f,v
5994,p,y,f,y,b,g,f,v
5996,p,n,x,y,n,b,f,v
5997,e,b,k,y,b,e,f,c
5998,e,w,x,y,n,p,f,y
6004,p,n,x,s,n,b,f,v
6006,p,e,f,y,n,b,f,v
6010,p,n,f,y,n,b,f,v
6011,p,e,f,y,n,b,f,v
6020,p,n,k,s,n,b,f,v
6028,p,n,f,s,n,b,f,v
6031,p,n,f,s,n,b,f,v
6036,p,n,f,y,n,b,f,v
6042,p,e,f,y,n,b,f,v
6045,p,n,f,s,n,b,f,v
6047,p,n,x,s,n,b,f,v
6049,p,e,f,y,n,b,f,v
6055,p,e,x,y,n,b,f,v
6057,p,e,f,s,n,b,f,v
6069,e,w,x,f,b,w,f,n
6076,p,e,x,s,n,b,f,v
6085,p,n,k,y,n,b,f,v
6086,p,n,f,y,n,b,f,v
6093,p,n,f,s,n,b,f,v
6099,p,e,x,y,n,b,f,v
6101,p,n,x,s,n,b,f,v
6116,p,e,x,y,n,b,f,v
6128,p,e,x,y,n,b,f,v
6129,p,e,x,s,n,b,f,v
6137,p,n,f,y,n,b,f,v
6140,p,n,f,s,n,b,f,v
6144,p,e,x,y,n,b,f,v
6146,p,e,f,y,n,b,f,v
6147,p,e,f,y,n,b,f,v
6148,e,w,k,f,b,g,f,s
6159,p,e,x,y,n,b,f,v
6177,p,n,f,y,n,b,f,v
6186,p,e,f,s,n,b,f,v
6188,p,e,f,y,n,b,f,v
6192,p,n,x,s,n,b,f,v
6193,p,n,f,y,n,b,f,v
6195,e,g,b,s,b,w,f,n
6202,p,n,x,s,n,b,f,v
6207,p,n,f,y,n,b,f,v
6228,p,e,f,y,n,b,f,v
6229,p,e,x,y,n,b,f,v
6232,p,n,f,y,n,b,f,v
6234,p,n,k,y,n,b,f,v
6240,p,n,f,s,n,b,f,v
6241,p,n,f,y,n,b,f,v
6243,p,e,x,s,n,b,f,v
6244,p,e,f,y,n,b,f,v
6245,p,e,f,s,n,b,f,v
6246,p,e,f,y,n,b,f,v
6255,p,e,f,y,n,b,f,v
6259,p,e,f,s,n,b,f,v
6263,p,n,x,s,n,b,f,v
6264,p,e,f,s,n,b,f,v
6266,p,e,f,s,n,b,f,v
6273,p,e,x,s,n,b,f,v
6275,p,n,f,s,n,b,f,v
6276,p,n,k,y,n,b,f,v
6279,p,e,x,s,n,b,f,v
6280,e,w,b,s,b,p,f,s
6282,p,e,x,s,n,b,f,v
6287,p,e,f,y,n,b,f,v
6296,p,n,f,y,n,b,f,v
6303,p,e,x,y,n,b,f,v
6304,p,e,x,y,n,b,f,v
6306,p,e,x,s,n,b,f,v
6312,p,e,f,y,n,b,f,v
6318,p,n,k,s,n,b,f,v
6321,p,e,x,y,n,b,f,v
6322,p,e,x,s,n,b,f,v
6325,p,e,f,y,n,b,f,v
6328,p,e,x,s,n,b,f,v
6331,p,e,k,y,n,b,f,v
6334,p,e,x,s,n,b,f,v
6336,p,e,x,y,n,b,f,v
6339,p,n,x,s,n,b,f,v
6343,p,n,f,y,n,b,f,v
6344,p,n,f,y,n,b,f,v
6346,p,e,x,s,n,b,f,v
6359,p,n,x,s,n,b,f,v
6361,p,n,f,y,n,b,f,v
6366,p,n,x,s,n,b,f,v
6390,p,e,x,s,n,b,f,v
6392,p,n,x,s,n,b,f,v
6395,p,e,f,s,n,b,f,v
6398,p,n,f,y,n,b,f,v
6402,p,n,x,s,n,b,f,v
6408,p,n,f,s,n,b,f,v
6416,p,e,x,y,b,w,f,c
6417,p,n,f,y,n,b,f,v
6428,p,e,f,y,n,b,f,v
6431,p,e,x,y,n,b,f,v
6434,p,e,f,y,n,b,f,v
6436,p,n,f,s,n,b,f,v
6438,p,n,f,s,n,b,f,v
6441,p,n,x,s,n,b,f,v
6442,p,n,x,s,n,b,f,v
6443,p,n,x,s,n,b,f,v
6446,p,n,f,s,n,b,f,v
6454,p,n,f,y,n,b,f,v
6461,p,e,f,y,n,b,f,v
6467,p,n,k,y,n,b,f,v
6483,p,e,f,s,n,b,f,v
6499,p,n,f,y,n,b,f,v
6500,p,e,f,s,n,b,f,v
6501,p,n,f,s,n,b,f,v
6507,p,e,f,y,n,b,f,v
6508,p,n,f,s,n,b,f,v
6515,p,n,x,s,n,b,f,v
6519,p,e,f,y,n,b,f,v
6522,p,n,x,s,n,b,f,v
6526,p,n,x,s,n,b,f,v
6527,p,n,f,s,n,b,f,v
6530,p,n,x,s,n,b,f,v
6533,p,e,f,s,n,b,f,v
6534,p,e,x,y,n,b,f,v
6539,p,e,x,y,n,b,f,v
6557,p,e,f,y,n,b,f,v
6565,p,n,f,s,n,b,f,v
6573,p,e,f,y,n,b,f,v
6575,p,e,k,s,n,b,f,v
6599,p,e,f,s,n,b,f,v
6601,p,n,k,y,n,b,f,v
6604,p,n,x,s,n,b,f,v
6612,p,n,x,s,n,b,f,v
6615,p,n,f,s,n,b,f,v
6616,p,n,f,s,n,b,f,v
6622,p,n,x,s,n,b,f,v
6629,p,e,x,s,n,b,f,v
6631,p,n,x,s,n,b,f,v
6640,p,n,x,s,n,b,f,v
6650,p,n,f,y,n,b,f,v
6651,p,e,x,y,n,b,f,v
6653,p,e,f,y,n,b,f,v
6654,p,e,x,y,n,b,f,v
6655,p,e,f,s,n,b,f,v
6661,e,g,b,f,b,p,f,s
6662,p,n,x,s,n,b,f,v
6666,p,n,f,y,n,b,f,v
6668,p,e,x,s,n,b,f,v
6669,p,c,k,y,b,w,a,c
6683,p,e,f,y,n,b,f,v
6695,p,e,x,s,n,b,f,v
6696,p,n,k,s,n,b,f,v
6697,p,n,f,s,n,b,f,v
6704,p,n,f,s,n,b,f,v
6712,p,n,x,s,n,b,f,v
6721,p,e,f,s,n,b,f,v
6725,p,e,x,y,n,b,f,v
6731,p,e,x,s,n,b,f,v
6732,p,n,x,s,n,b,f,v
6734,p,e,x,s,n,b,f,v
6737,p,e,f,y,n,b,f,v
6742,p,n,f,s,n,b,f,v
6747,p,n,f,s,n,b,f,v
6749,p,e,x,s,n,b,f,v
6756,p,n,f,y,n,b,f,v
6757,p,n,f,s,n,b,f,v
6768,p,e,f,s,n,b,f,v
6774,p,e,x,s,n,b,f,v
6775,e,w,x,f,b,g,f,n
6778,p,n,x,s,n,b,f,v
6786,p,n,x,s,n,b,f,v
6793,p,e,f,s,n,b,f,v
6799,p,n,f,s,n,b,f,v
6806,p,e,f,y,n,b,f,v
6807,p,n,f,y,n,b,f,v
6808,p,e,f,y,n,b,f,v
6813,p,e,x,s,n,b,f,v
6814,p,e,f,s,n,b,f,v
6822,p,e,f,s,n,b,f,v
6824,p,n,x,s,n,b,f,v
6829,p,n,k,y,n,b,f,v
6831,p,n,f,s,n,b,f,v
6832,p,n,f,s,n,b,f,v
6841,p,e,x,s,n,b,f,v
6845,p,n,f,s,n,b,f,v
6852,p,e,f,y,n,b,f,v
6854,p,e,f,s,n,b,f,v
6857,p,e,x,s,n,b,f,v
6866,p,n,f,s,n,b,f,v
6870,p,n,x,s,n,b,f,v
6875,p,e,x,s,n,b,f,v
6884,p,e,x,y,n,b,f,v
6890,p,e,f,s,n,b,f,v
6895,p,e,f,y,n,b,f,v
6901,e,n,x,s,b,n,a,v
6903,p,n,f,s,n,b,f,v
6910,p,e,k,y,n,b,f,v
6911,e,n,x,s,b,o,a,c
6939,e,w,b,s,b,p,f,n
6949,p,n,x,s,n,b,f,v
6956,p,e,k,s,n,b,f,v
6957,p,e,k,s,n,b,f,v
6966,p,e,f,s,n,b,f,v
6971,e,n,x,s,b,w,f,y
6977,p,e,f,y,n,b,f,v
6981,p,n,k,s,n,b,f,v
6985,e,n,b,s,b,w,f,y
6997,p,e,k,y,n,b,f,v
7005,e,w,k,s,b,g,f,n
7017,e,w,x,s,b,w,f,n
7018,p,e,f,y,n,b,f,v
7022,p,e,f,s,n,b,f,v
7027,e,n,x,s,b,n,a,c
7038,e,n,x,s,b,y,a,v
7041,e,g,x,f,b,g,f,s
7043,p,n,k,y,n,b,f,v
7047,e,g,k,f,b,p,f,n
7049,p,n,f,y,n,b,f,v
7050,p,e,k,s,n,b,f,v
7052,e,n,b,s,b,y,a,c
7056,p,n,k,s,n,b,f,v
7058,p,e,k,s,n,b,f,v
7067,p,n,k,s,n,b,f,v
7071,p,n,k,s,n,b,f,v
7074,e,c,f,s,b,w,f,y
7078,p,e,f,y,n,b,f,v
7092,p,n,f,y,b,w,f,c
7098,p,n,k,y,n,b,f,v
7099,e,g,x,f,b,g,f,n
7101,p,c,x,y,b,y,a,c
7107,p,n,f,y,n,b,f,v
7118,p,n,f,s,n,b,f,v
7129,e,n,f,s,b,n,a,v
7131,p,e,k,y,n,b,f,v
7136,e,n,x,s,b,n,a,v
7140,p,n,k,s,n,b,f,v
7157,p,e,k,y,n,b,f,v
7164,p,n,x,s,n,b,f,v
7166,p,e,f,s,n,b,f,v
7176,p,n,f,y,n,b,f,v
7179,p,n,k,s,n,b,f,v
7198,p,n,k,s,n,b,f,v
7200,p,e,f,s,n,b,f,v
7201,e,g,k,f,b,w,f,n
7204,p,e,k,s,n,b,f,v
7213,p,e,k,y,n,b,f,v
7226,p,n,k,s,n,b,f,v
7227,e,g,x,s,b,p,f,s
7228,p,e,k,y,n,b,f,v
7230,e,w,k,s,b,w,f,n
7234,e,n,b,s,b,o,a,c
7236,e,n,k,s,b,n,a,c
7237,e,g,b,s,b,p,f,n
7240,e,n,f,s,b,n,a,c
7241,p,e,k,s,n,b,f,v
7252,e,n,f,s,b,n,a,c
7261,e,g,x,s,b,w,f,n
7263,p,e,f,s,n,b,f,v
7272,e,w,k,f,b,p,f,s
7276,p,n,k,y,n,b,f,v
7280,p,n,k,s,n,b,f,v
7281,e,w,x,s,b,w,f,n
7287,p,e,k,s,n,b,f,v
7288,p,n,k,s,n,b,f,v
7292,p,n,k,y,n,b,f,v
7293,e,n,f,y,b,w,f,y
7298,p,e,k,s,n,b,f,v
7300,e,n,b,s,b,o,a,c
7302,e,g,k,s,b,p,f,n
7305,p,e,k,y,n,b,f,v
7309,p,e,k,s,n,b,f,v
7310,e,w,x,f,b,g,f,s
7311,p,e,k,y,n,b,f,v
7315,e,g,x,s,b,p,f,n
7317,p,n,k,y,n,b,f,v
7318,p,n,k,s,n,b,f,v
7324,p,n,x,y,b,y,f,c
7333,p,e,k,s,n,b,f,v
7337,p,e,f,y,b,w,f,c
7341,p,n,x,s,n,b,f,v
7345,e,w,k,s,b,g,f,n
7347,e,g,b,f,b,p,f,s
7352,p,e,k,s,n,b,f,v
7353,e,n,k,s,b,n,a,c
7357,p,e,f,s,n,b,f,v
7358,p,e,k,s,n,b,f,v
7359,e,g,k,f,b,p,f,n
7367,e,n,k,s,b,o,a,c
7370,p,n,x,s,n,b,f,v
7374,e,g,b,s,b,p,f,s
7376,e,n,x,s,b,o,a,v
7382,p,n,f,y,n,b,f,v
7383,p,e,k,y,n,b,f,v
7388,p,e,k,y,n,b,f,v
7390,p,e,k,s,n,b,f,v
7396,p,e,k,y,n,b,f,v
7403,p,n,x,s,n,b,f,v
7404,p,e,k,y,n,b,f,v
7407,p,e,k,y,n,b,f,v
7410,p,e,k,y,n,b,f,v
7412,e,g,b,s,b,p,f,s
7414,e,n,b,s,b,y,a,v
7415,p,n,x,s,n,b,f,v
7416,e,g,x,s,b,w,f,v
7422,p,n,k,y,n,b,f,v
7429,p,n,k,y,n,b,f,v
7431,p,e,k,s,n,b,f,v
7434,p,e,f,s,n,b,f,v
7436,p,e,k,s,n,b,f,v
7441,e,n,k,s,b,n,a,v
7448,p,e,k,y,n,b,f,v
7459,p,n,k,s,n,b,f,v
7460,e,n,b,s,b,n,a,c
7464,e,g,x,s,b,w,f,s
7466,p,e,k,s,n,b,f,v
7472,p,e,k,y,n,b,f,v
7482,e,n,f,s,b,w,f,v
7484,p,y,f,y,n,y,f,c
7486,p,e,f,y,b,y,a,c
7503,p,e,k,s,n,b,f,v
7504,p,e,k,y,n,b,f,v
7506,p,n,k,s,n,b,f,v
7517,e,n,x,s,b,n,a,c
7525,e,w,b,s,b,g,f,s
7529,e,g,b,f,b,g,f,s
7532,e,n,x,s,b,n,a,c
7536,e,w,x,s,b,g,f,n
7539,p,e,k,s,n,b,f,v
7545,p,n,k,y,n,b,f,v
7556,e,n,f,s,b,y,a,c
7559,e,n,x,s,b,n,a,v
7560,e,w,x,f,b,g,f,n
7564,p,e,k,y,n,b,f,v
7567,e,g,x,f,b,w,f,s
7574,e,g,b,s,b,g,f,s
7576,p,n,k,s,n,b,f,v
7578,p,n,k,y,n,b,f,v
7598,e,n,x,s,b,w,f,v
7603,e,n,x,s,b,w,f,y
7605,e,g,k,f,b,p,f,s
7607,p,e,k,s,n,b,f,v
7610,e,g,x,f,b,p,f,n
7612,p,e,k,y,n,b,f,v
7613,e,n,b,s,b,y,a,c
7620,p,e,k,s,n,b,f,v
7622,p,n,k,y,n,b,f,v
7628,e,n,x,s,b,o,a,c
7632,e,w,b,f,b,w,f,s
7634,p,e,f,y,n,b,f,v
7640,p,e,k,y,n,b,f,v
7643,e,g,k,f,b,g,f,n
7647,p,e,f,y,n,b,f,v
7656,p,n,k,s,n,b,f,v
7667,p,e,k,y,n,b,f,v
7669,p,n,k,y,n,b,f,v
7674,e,c,f,y,b,w,f,v
7679,e,g,b,f,b,g,f,s
7681,e,w,b,f,b,p,f,s
7684,p,e,k,y,n,b,f,v
7688,p,n,k,y,n,b,f,v
7690,e,n,k,s,b,o,a,v
7703,e,n,f,y,b,w,f,y
7708,p,e,k,s,n,b,f,v
7709,p,e,k,y,n,b,f,v
7711,e,n,b,s,b,y,a,v
7718,e,n,b,y,b,w,f,y
7719,p,n,f,s,n,b,f,v
7721,e,g,b,s,b,w,f,s
7728,p,n,x,y,b,y,a,c
7729,p,e,k,y,n,b,f,v
7731,p,e,k,s,n,b,f,v
7733,p,n,k,s,n,b,f,v
7742,e,n,x,s,b,n,a,c
7743,p,n,k,s,n,b,f,v
7747,e,w,x,s,b,p,f,n
7750,e,w,k,f,b,p,f,n
7754,e,w,x,s,b,p,f,s
7757,p,n,k,y,n,b,f,v
7760,e,n,b,s,b,y,a,v
7761,p,e,k,s,n,b,f,v
7776,p,e,k,y,n,b,f,v
7781,p,e,k,s,n,b,f,v
7785,p,e,k,s,n,b,f,v
7802,p,c,f,y,b,w,a,c
7811,e,w,b,f,b,p,f,n
7813,p,n,k,y,n,b,f,v
7814,e,n,f,s,b,y,a,c
7816,p,e,k,s,n,b,f,v
7821,p,e,k,y,b,w,f,c
7822,p,e,k,y,n,b,f,v
7824,e,w,x,f,b,p,f,s
7828,p,n,k,s,n,b,f,v
7829,e,n,b,s,b,y,a,v
7846,e,n,x,s,b,y,a,c
7848,e,g,x,f,b,w,f,n
7849,p,n,k,s,n,b,f,v
7850,p,e,k,y,n,b,f,v
7859,e,g,x,f,b,w,f,n
7871,e,w,k,s,b,g,f,n
7878,p,n,x,s,n,b,f,v
7883,e,w,x,f,b,p,f,s
7888,e,n,x,y,b,w,f,y
7894,e,n,x,s,b,o,a,c
7901,e,w,x,f,b,w,f,s
7904,p,e,x,s,n,b,f,v
7905,e,g,x,f,b,p,f,s
7920,e,p,f,y,b,w,f,v
7934,e,g,x,f,b,w,f,s
7941,e,g,f,y,b,w,f,y
7944,p,n,k,y,n,b,f,v
7945,e,n,k,s,b,y,a,v
7964,p,n,k,y,n,b,f,v
7966,e,n,x,y,b,w,f,y
7971,e,n,x,s,b,o,a,c
7979,p,e,k,y,n,b,f,v
7991,p,n,k,y,n,b,f,v
7993,p,n,k,y,n,b,f,v
8002,e,n,x,y,b,w,f,y
8013,p,n,k,s,n,b,f,v
8019,e,w,x,s,b,w,f,s
8021,p,n,k,y,n,b,f,v
8024,p,e,k,s,n,b,f,v
8026,e,n,x,s,b,y,a,c
8029,p,n,k,s,n,b,f,v
8030,e,g,x,f,b,g,f,n
8035,e,n,k,s,b,n,a,c
8037,e,n,k,s,b,n,a,v
8040,p,e,k,s,n,b,f,v
8045,e,n,f,s,b,n,a,c
8050,p,n,k,y,n,b,f,v
8054,p,n,k,y,n,b,f,v
8059,p,e,k,s,n,b,f,v
8061,p,n,k,s,n,b,f,v
8066,e,n,k,s,b,y,a,v
8070,e,n,k,s,b,n,a,c
8084,p,n,k,y,n,b,f,v
8086,e,w,k,f,b,g,f,s
8087,e,n,k,s,b,n,a,v
8088,p,e,x,s,n,b,f,v
8094,p,n,x,s,n,b,f,v
8102,p,e,k,s,n,b,f,v
8104,e,n,k,s,b,y,a,c
8105,e,n,k,s,b,y,a,v
8107,e,n,k,s,b,o,a,v
8116,e,n,x,s,b,y,a,v